{"Muscle Shoals, Alabama": [34.7436791, -87.6532615], "Florence, Alabama": [34.79981, -87.677251], "Montgomery, Alabama": [32.37742, -86.3091683], "Los Angeles, California": [34.0536909, -118.242766], "S\u00e3o Francisco, California": [37.7792588, -122.4193286], "Bakersfield, California": [35.3738712, -119.019463], "Miami, Florida": [25.7741728, -80.19362], "Jacksonville, Florida": [30.3321838, -81.655651], "Tampa, Florida": [27.9477595, -82.458444], "Atlanta, Georgia": [33.7489924, -84.3902644], "Macon, Georgia": [32.8406946, -83.6324022], "Athens, Georgia": [33.9597677, -83.376398], "Augusta, Georgia": [33.4709714, -81.9748429], "Honolulu, Hawaii": [21.304547, -157.855676], "Chicago, Illinois": [41.8755616, -87.6244212], "Rosine, Kentucky": [37.4503277, -86.7413779], "Nova Orleans, Louisiana": [29.9759983, -90.0782127], "Lafayette, Louisiana": [30.2262187, -92.0178202], "Detroit, Michigan": [42.3315509, -83.0466403], "Minneapolis, Minnesota": [44.9772995, -93.2654692], "Clarksdale, Mississippi": [34.2006479, -90.5702071], "St. Louis, Missouri": [38.6280278, -90.1910154], "Bronx (NYC), New York": [40.8466508, -73.8785937], "Manhattan (NYC), New York": [40.7896239, -73.9598939], "Harlem (NYC), New York": [40.8078578, -73.9454671], "Cleveland, Ohio": [41.4996574, -81.6936772], "Dayton, Ohio": [39.7589478, -84.1916069], "Tulsa, Oklahoma": [36.1563122, -95.9927516], "Filad\u00e9lfia, Pennsylvania": [39.9527237, -75.1635262], "Nashville, Tennessee": [36.1622767, -86.7742984], "Memphis, Tennessee": [35.1460249, -90.0517638], "Austin, Texas": [30.2711286, -97.7436995], "San Antonio, Texas": [29.4246002, -98.4951405], "Dallas, Texas": [32.7762719, -96.7968559], "Houston, Texas": [29.7589382, -95.3676974], "Bristol, Virginia": [36.5959685, -82.1885009], "Seattle, Washington": [47.6038321, -122.330062], "Kansas City, Missouri": [39.100105, -94.5781416]}